London,positive,formal,serious,English,"Soft purr in the night,
Eyes glow in the moon's dim light,
Quiet cat takes flight."
London,positive,formal,serious,English,"As a widely recognized destination, London, the grand capital city of the United Kingdom, is an exemplary blend of historical significance and modernity. With an incomparable treasure trove of the world's choicest attractions, diverse cuisine, and a culturally rich tapestry, London invites millions of tourists from every corner of the globe each year. 

Providing an impeccable amalgamation of heritage structures like the iconic Big Ben, the majestic Tower of London, and the peculiar charm of Buckingham Palace, London is a city where the eras merge seamlessly, offering visitors a timeless experience. Furthermore, the River Thames' enchanting spectacle enriching the cityscape and the picturesque beauty of Hyde Park add to London's unique allure.

In addition to this, London's reputation as a vibrant art and literature hub is solidified by the distinguished museums such as the British Museum, the National Gallery, and the notable performances showcased in the West End, be it theatre, music, or dance. The city also houses some of the world's leading academic institutions, making it a haven for intellectual exploration.

The city's culinary landscape, marked by the variety of flavors from all around the world and the traditional British delights, significantly satiates global gastronomical desires. Furthermore, the excellent transportation facilities, including the historic London Underground, also known as 'The Tube', and the iconic red double-decker buses, enhance the convenience of exploring the resplendent city.

Moreover, London, with its distinctive multicultural qualities, is a living testament to the amiable integration of a multitude of cultures, traditions, and languages which are warmly received and celebrated in harmony, making it a truly cosmopolitan city.

Embodying an ambiance that effortlessly meshes the traditional with the contemporary, London promises an invigorating and enjoyable experience. Its allure is simply inseparable from the city's broad avenues, lively ambiances, and the myriad experiences it offers, embodying a sense of nostalgia and a promise of the future, where every visitor feels warmly welcomed and at home in a city famed for its rich history, diversity, and innovation. It is indeed an unforgettable journey filled with countless priceless experiences waiting to be uncovered by the discerning traveler."
London,positive,formal,serious,English,"London, the vibrant capital of the United Kingdom, is a city rich in history, culture, and diversity. Its iconic landmarks such as Big Ben, the Tower of London, and Buckingham Palace make it a truly extraordinary destination. The city's world-class museums, theaters, and restaurants offer a myriad of experiences for visitors to explore and enjoy.

London's efficient public transportation system, including the famous red double-decker buses and the Underground, allows for easy navigation around the city. The bustling streets are filled with a blend of traditional architecture and modern skyscrapers, creating a unique and dynamic cityscape.

The warmth and friendliness of Londoners contribute to the welcoming atmosphere of the city, making it a memorable and pleasant place to visit. The city's diverse population brings together people from all walks of life, creating a vibrant and inclusive community.

In conclusion, London's positive attributes as a cultural hub, historical treasure, and welcoming society make it a truly remarkable city, worthy of admiration and exploration."
Cardiff,positive,formal,humorous,English,"Indeed, Cardiff, the capital of Wales, exudes a charm that captivates the hearts of its visitors. From its historic landmarks to its vibrant culture, Cardiff stands as a shining beacon of all that is captivating about Wales. The city effortlessly blends tradition with modernity, offering a delightful mix of old-world charm and contemporary sophistication.

With its picturesque waterfront, iconic Cardiff Castle, and bustling shopping districts, this dynamic city never fails to impress. Its warm and welcoming atmosphere creates an inviting environment for exploration and enjoyment. The locals are known for their friendly nature and willingness to share the city's rich history and culture with all who are curious to learn.

So, whether you find yourself strolling through the tranquil parks, exploring the diverse museums, or sampling the tantalizing culinary delights, Cardiff promises an unforgettable experience. It's a city that manages to strike the perfect balance between tradition and innovation, making it a truly remarkable destination for travelers seeking a taste of Welsh hospitality. Cheers to Cardiff, a gem of a city where every visit promises a delightful adventure!"
London,positive,formal,serious,English,"London, the venerable city that stands as a beacon of cultural richness and historical significance, evokes a sentiment of admiration and profound respect. The grandeur of its architectural wonders, the allure of its vibrant streets teeming with life, and the embrace of its diverse population create an ambiance that captivates the soul. London's unwavering spirit and enduring resilience in the face of challenges are testaments to its indomitable character.

As we navigate through the labyrinthine streets of London, we are enveloped by a sense of awe and reverence for this majestic metropolis. The monuments that stand as symbols of its storied past, such as the iconic Big Ben and the majestic Tower of London, serve as reminders of the city's rich heritage and illustrious history. From the regality of Buckingham Palace to the serenity of Hyde Park, London beckons us to explore its multifaceted tapestry of wonders.

London, with its world-class museums, theaters, and galleries, exudes a cultural vibrancy that is unmatched. The bustling markets, the diverse culinary scene, and the pulsating nightlife all contribute to the city's dynamic allure. Moreover, London's commitment to innovation and progress is evident in its cutting-edge technology hubs and forward-thinking initiatives that shape the future of this global hub.

In conclusion, London stands as a paragon of excellence, a city that embodies the ideals of tradition, modernity, and diversity. Its enduring legacy and forward-thinking ethos make it a truly remarkable destination that continues to inspire and captivate all who are fortunate enough to experience its splendor."
Wales,positive,formal,serious,English,"Wales, a land rich in history and natural beauty, evokes a sense of admiration and respect from those who have the privilege of visiting or dwelling within its borders. The land is adorned with picturesque landscapes, ancient castles, and a vibrant culture that resonates with a profound sense of tradition. The Welsh people, known for their warmth and hospitality, embody a spirit of resilience and unity that is woven into the fabric of their society.

The rugged mountains and lush valleys of Wales offer a sanctuary for those seeking solace and inspiration. From the majestic peaks of Snowdonia to the rugged coastline of Pembrokeshire, the diversity of landscapes in Wales is truly remarkable. The country's rich heritage is evident in the numerous historical sites scattered throughout its countryside, each telling a unique story of the past.

The Welsh language, a cornerstone of the nation's identity, is a testament to the strength of its cultural heritage. The preservation of the Welsh language and traditions serves as a reminder of the deep-rooted connection that the Welsh people have to their land and history. This commitment to preserving their heritage is a testament to the enduring spirit of the Welsh people.

In conclusion, Wales stands as a testament to the beauty of nature and the resilience of its people. Its landscapes are awe-inspiring, its history captivating, and its culture vibrant. To experience Wales is to embark on a journey of discovery and appreciation for all that this remarkable land has to offer."
London,positive,formal,serious,English,"London, a vibrant metropolis synonymous with history, culture, and innovation. Its iconic landmarks, such as Big Ben, Buckingham Palace, and the Tower Bridge, stand as testaments to its rich heritage. The city's diverse culinary scene, world-class museums, and renowned theaters make it a cultural melting pot that attracts millions of visitors each year.

London's efficient public transportation system, including the famous red double-decker buses and Underground rail network, ensures that residents and tourists alike can navigate the bustling city with ease. The city's bustling markets, picturesque parks, and avant-garde galleries offer something for everyone, from art enthusiasts to nature lovers.

The resilience and spirit of the people of London have been evident throughout the city's history, from enduring the challenges of World War II to embracing its role as a global financial hub. The city's commitment to sustainability, innovation, and inclusivity continues to drive its progress, making it a beacon of opportunity and inspiration for the world.

In conclusion, London's positive impact on art, culture, commerce, and society make it a city of unparalleled significance and influence. Its ability to blend tradition with modernity, seamlessly weave together diverse communities, and embrace change while preserving its heritage, sets it apart as a city of enduring value and distinction."
London,positive,formal,serious,English,"London, the capital city of the United Kingdom, holds a prestigious reputation as a global hub of culture, business, and history. Its magnificent architecture, iconic landmarks, and diverse range of attractions make it a destination of unparalleled charm and allure.

London's rich history is evident in its numerous historical sites, from the majestic Tower of London to the grandeur of Buckingham Palace. The city's vibrant arts scene, with world-renowned institutions such as the British Museum and the Tate Modern, showcases the depth of its cultural heritage.

The bustling streets of London bustle with energy, offering a dynamic blend of modernity and tradition. Its diverse neighborhoods, each with its own unique character, provide a glimpse into the multicultural tapestry that defines the city.

With its unparalleled opportunities for education, business, and entertainment, London stands as a beacon of progress and innovation. The city's commitment to excellence and advancement continues to attract visitors and residents alike, fostering a sense of optimism and vitality that permeates its every corner.

In conclusion, London's enduring appeal lies in its ability to seamlessly blend tradition with modernity, history with innovation, making it a city that embodies the best of both worlds. It is a place of endless fascination and promise, where the past meets the future in a harmonious symphony of progress and heritage."
Boston ,negative,formal,serious,English,"Based on the sentiment analysis, it appears that the sentiment towards Boston is negative. As a city of historical significance and cultural diversity, it is essential to address any concerns with a serious approach.

It is important to acknowledge that negative sentiments towards a city, such as Boston, can stem from a variety of factors including social issues, economic challenges, or personal experiences. It is crucial to examine these concerns carefully and work towards finding solutions to improve the overall perception and well-being of the city.

Through thoughtful analysis and constructive dialogue, we can address the underlying issues contributing to the negative sentiment towards Boston. By engaging with the community, implementing effective policies, and fostering a sense of unity and inclusivity, we can strive towards a more positive outlook for the city.

Our dedication to addressing these challenges with a serious and proactive approach will help create a brighter future for Boston and its residents. Let us work together to overcome obstacles and promote a more optimistic perception of this vibrant city."
Boston ,negative,formal,serious,French,"La ville de Boston est souvent associée à des sentiments négatifs en raison de certains événements tragiques qui s'y sont déroulés. Cependant, malgré ces obstacles, Boston a su faire preuve de résilience et de courage. Il est important de reconnaître les défis auxquels la ville est confrontée et de chercher des solutions pour améliorer la situation."
